<server>
<!--*** Pre-configured IMS Mobile Admin Services for Managing Resources ***-->
<zosconnect_zosConnectService invokeURI="/imsmobile/ping" runGlobalInterceptors="true" serviceDescription="IBM-provided IMS mobile service that pings the gateway server and an IMS Connect subsystem" serviceName="IMSPingService" serviceRef="IMSPingService"/>
<imsmobile_imsService id="IMSPingService" imsServiceType="imsadmin"/>
<zosconnect_zosConnectService invokeURI="/imsmobile/admin/services" runGlobalInterceptors="true" serviceDescription="IBM-provided IMS mobile administrative service for managing mobile services" serviceName="IMSServiceAdmin" serviceRef="IMSServiceAdmin"/>
<imsmobile_imsService id="IMSServiceAdmin" imsServiceType="imsadmin"/>
<zosconnect_zosConnectService invokeURI="/imsmobile/admin/connections" runGlobalInterceptors="true" serviceDescription="IBM-provided IMS mobile administrative service for managing IMS connections" serviceName="IMSConnectionAdmin" serviceRef="IMSConnectionAdmin"/>
<imsmobile_imsService id="IMSConnectionAdmin" imsServiceType="imsadmin"/>
<zosconnect_zosConnectService invokeURI="/imsmobile/admin/properties" runGlobalInterceptors="true" serviceDescription="IBM-provided IMS mobile administrative service for managing IMS interaction properties" serviceName="IMSPropertiesAdmin" serviceRef="IMSPropertiesAdmin"/>
<imsmobile_imsService id="IMSPropertiesAdmin" imsServiceType="imsadmin"/>
<zosconnect_zosConnectService invokeURI="/imsmobile/admin/transactionMessages" runGlobalInterceptors="true" serviceDescription="IBM-provided IMS mobile administrative service for managing IMS transaction messages" serviceName="IMSTranMessageAdmin" serviceRef="IMSTranMessageAdmin"/>
<imsmobile_imsService id="IMSTranMessageAdmin" imsServiceType="imsadmin"/>
<zosconnect_zosConnectService invokeURI="/imsmobile/admin/transactions" runGlobalInterceptors="true" serviceDescription="IBM-provided IMS mobile administrative service for managing IMS transactions" serviceName="IMSTranAdmin" serviceRef="IMSTranAdmin"/>
<imsmobile_imsService id="IMSTranAdmin" imsServiceType="imsadmin"/>
<!--*** End - Pre-configured IMS Mobile Admin Services for Managing Resources ***-->
<zosconnect_zosConnectService invokeURI="/imsmobile/services/GET_CUST_PROF_V06" runGlobalInterceptors="true" serviceDescription="" serviceName="GET_CUST_PROF_V06" serviceRef="GET_CUST_PROF_V06"/>
<imsmobile_imsService id="GET_CUST_PROF_V06" imsServiceType="imsmobile"/>
<zosconnect_zosConnectService invokeURI="/imsmobile/services/GET_CUST_PROFILE_V06" runGlobalInterceptors="true" serviceDescription="" serviceName="GET_CUST_PROFILE_V06" serviceRef="GET_CUST_PROFILE_V06"/>
<imsmobile_imsService id="GET_CUST_PROFILE_V06" imsServiceType="imsmobile"/>
</server>